{
  "rmse": 6346457.998358974,
  "r2": -0.3698462158771394,
  "cv_scores": [
    -0.0646565648056654,
    -0.07175820002326994,
    -0.01365548348098411,
    -0.3265262136834064,
    0.015808682084934467
  ],
  "avg_cv_r2": -0.09215755598167827
}