{
  "campaign_email": 3.815056329750153e-10,
  "campaign_flyer": 1.6157885631883001e-09,
  "campaign_phone": 1.3464904693235833e-10,
  "facebook": -1.4811395162559417e-09,
  "instagram": 208200.30339382522,
  "youtube": 40131.31053909664,
  "tiktok": -3775.7141858617583,
  "linkedin": 8.303357894162097e-10,
  "campaign_email_x_campaign_flyer": -8.976603128823889e-10,
  "campaign_email_x_campaign_phone": -5.834792033735528e-10,
  "campaign_email_x_facebook": 1.3464904693235833e-10,
  "campaign_email_x_instagram": 1.1220753911029862e-10,
  "campaign_email_x_youtube": 2.2441507822059724e-11,
  "campaign_email_x_tiktok": 1.6606715788324195e-09,
  "campaign_email_x_linkedin": 2.827629985579525e-09,
  "campaign_flyer_x_campaign_phone": 1.211841422391225e-09,
  "campaign_flyer_x_facebook": 8.078942815941501e-10,
  "campaign_flyer_x_instagram": 2.2441507822059723e-10,
  "campaign_flyer_x_youtube": -1.0098678519926875e-09,
  "campaign_flyer_x_tiktok": -1.795320625764778e-10,
  "campaign_flyer_x_linkedin": 6.059207111956125e-10,
  "campaign_phone_x_facebook": 2.1319432430956738e-09,
  "campaign_phone_x_instagram": 3.141811095088361e-10,
  "campaign_phone_x_youtube": -2.580773399536868e-09,
  "campaign_phone_x_tiktok": -3.590641251529556e-10,
  "campaign_phone_x_linkedin": -1.6831130866544793e-09,
  "facebook_x_instagram": 2.1319432430956738e-09,
  "facebook_x_youtube": -7.854527737720904e-10,
  "facebook_x_tiktok": -8.527772972382694e-10,
  "facebook_x_linkedin": -1.6382300710103597e-09,
  "instagram_x_youtube": 8.976603128823889e-10,
  "instagram_x_tiktok": 1.9299696726971362e-09,
  "instagram_x_linkedin": 1.1220753911029862e-10,
  "youtube_x_tiktok": -6.283622190176722e-10,
  "youtube_x_linkedin": -1.3240489615015236e-09,
  "tiktok_x_linkedin": -3.815056329750153e-10
}