{
  "campaign_email": 1367.9935049393525,
  "campaign_flyer": 1.3659397761027017e-09,
  "campaign_phone": 1.065846946504381e-09,
  "facebook": 2931.2616243225316,
  "instagram": 3541.148412457098,
  "youtube": 35185.865383351316,
  "tiktok": -1760.7653800699238,
  "linkedin": 7.864501741197374e-10,
  "campaign_email_x_campaign_flyer": 5.070534017350938e-10,
  "campaign_email_x_campaign_phone": 2.483526865641276e-10,
  "campaign_email_x_facebook": 1.0451508892907037e-09,
  "campaign_email_x_instagram": 1.096891032324897e-09,
  "campaign_email_x_youtube": 1.9661254352993435e-10,
  "campaign_email_x_tiktok": 9.002784887949626e-10,
  "campaign_email_x_linkedin": 7.347100310855441e-10,
  "campaign_flyer_x_campaign_phone": 1.4280279477437338e-09,
  "campaign_flyer_x_facebook": 3.000928295983209e-10,
  "campaign_flyer_x_instagram": 2.06960572136773e-11,
  "campaign_flyer_x_youtube": 6.20881716410319e-11,
  "campaign_flyer_x_tiktok": 6.312297450171577e-10,
  "campaign_flyer_x_linkedin": 1.241763432820638e-09,
  "campaign_phone_x_facebook": 9.106265174018012e-10,
  "campaign_phone_x_instagram": 3.000928295983209e-10,
  "campaign_phone_x_youtube": 1.6970766915215386e-09,
  "campaign_phone_x_tiktok": -2.06960572136773e-11,
  "campaign_phone_x_linkedin": 6.726218594445122e-10,
  "facebook_x_instagram": 5.89837630589803e-10,
  "facebook_x_youtube": 2.06960572136773e-11,
  "facebook_x_tiktok": 5.174014303419325e-10,
  "facebook_x_linkedin": 1.7074247201283772e-09,
  "instagram_x_youtube": 1.1382831467522516e-09,
  "instagram_x_tiktok": 7.243620024787055e-10,
  "instagram_x_linkedin": 5.174014303419325e-10,
  "youtube_x_tiktok": 2.5870071517096627e-10,
  "youtube_x_linkedin": 5.277494589487711e-10,
  "tiktok_x_linkedin": 3.6218100123935276e-10
}