{
  "rmse": 38729247.2910767,
  "r2": 0.36522018183114535,
  "cv_scores": [
    0.42574834251733085,
    0.42788594304047267,
    0.3989194377546814,
    0.42800341353607063,
    0.38665749260998283
  ],
  "avg_cv_r2": 0.4134429258917077
}