{
  "campaign_email": 2.1913472343893612e-10,
  "campaign_flyer": 8.217552128960105e-11,
  "campaign_phone": 1.3695920214933508e-10,
  "facebook": 5.204449681674733e-10,
  "instagram": -8786.790595429484,
  "youtube": -6027.216131379116,
  "tiktok": 5.204449681674733e-10,
  "linkedin": 0.0,
  "campaign_email_x_campaign_flyer": 3.287020851584042e-10,
  "campaign_email_x_campaign_phone": 6.574041703168084e-10,
  "campaign_email_x_facebook": 2.1913472343893612e-10,
  "campaign_email_x_instagram": 1.917428830090691e-10,
  "campaign_email_x_youtube": 8.217552128960105e-11,
  "campaign_email_x_tiktok": 5.752286490272073e-10,
  "campaign_email_x_linkedin": 3.287020851584042e-10,
  "campaign_flyer_x_campaign_phone": 0.0,
  "campaign_flyer_x_facebook": 8.217552128960105e-11,
  "campaign_flyer_x_instagram": 3.834857660181382e-10,
  "campaign_flyer_x_youtube": 1.643510425792021e-10,
  "campaign_flyer_x_tiktok": 7.669715320362764e-10,
  "campaign_flyer_x_linkedin": 8.491470533258775e-10,
  "campaign_phone_x_facebook": 1.3695920214933508e-10,
  "campaign_phone_x_instagram": 1.643510425792021e-10,
  "campaign_phone_x_youtube": 2.1913472343893612e-10,
  "campaign_phone_x_tiktok": 3.697898458032047e-10,
  "campaign_phone_x_linkedin": 1.917428830090691e-10,
  "facebook_x_instagram": 1.0956736171946806e-10,
  "facebook_x_youtube": 1.0956736171946806e-10,
  "facebook_x_tiktok": 3.5609392558827117e-10,
  "facebook_x_linkedin": 1.917428830090691e-10,
  "instagram_x_youtube": 2.4652656386880314e-10,
  "instagram_x_tiktok": 9.313225746154785e-10,
  "instagram_x_linkedin": 1.917428830090691e-10,
  "youtube_x_tiktok": 2.7391840429867016e-10,
  "youtube_x_linkedin": 4.3826944687787224e-10,
  "tiktok_x_linkedin": 3.287020851584042e-10
}