{
  "campaign_email": 1367.9935049378416,
  "campaign_flyer": -1.272807518641154e-09,
  "campaign_phone": -3.8287705845303004e-10,
  "facebook": 2931.2616243225625,
  "instagram": 3541.148412456436,
  "youtube": 35185.865383351054,
  "tiktok": -1760.7653800707621,
  "linkedin": 3.8287705845303004e-10,
  "campaign_email_x_campaign_flyer": -3.104408582051595e-11,
  "campaign_email_x_campaign_phone": -8.071462313334147e-10,
  "campaign_email_x_facebook": -1.1693272325727675e-09,
  "campaign_email_x_instagram": -2.483526865641276e-10,
  "campaign_email_x_youtube": 2.276566293504503e-10,
  "campaign_email_x_tiktok": -1.8626451492309571e-10,
  "campaign_email_x_linkedin": -5.174014303419325e-11,
  "campaign_flyer_x_campaign_phone": -8.58886374367608e-10,
  "campaign_flyer_x_facebook": -2.5870071517096627e-10,
  "campaign_flyer_x_instagram": -9.416706032223171e-10,
  "campaign_flyer_x_youtube": 1.655684577094184e-10,
  "campaign_flyer_x_tiktok": 3.4148494402567543e-10,
  "campaign_flyer_x_linkedin": -1.4797680907779269e-09,
  "campaign_phone_x_facebook": -3.518329726325141e-10,
  "campaign_phone_x_instagram": -3.104408582051595e-11,
  "campaign_phone_x_youtube": -1.034802860683865e-10,
  "campaign_phone_x_tiktok": -3.311369154188368e-10,
  "campaign_phone_x_linkedin": -9.002784887949626e-10,
  "facebook_x_instagram": -7.657541169060601e-10,
  "facebook_x_youtube": -7.140139738718669e-10,
  "facebook_x_tiktok": -4.44965230094062e-10,
  "facebook_x_linkedin": 1.241763432820638e-10,
  "instagram_x_youtube": -3.7252902984619143e-10,
  "instagram_x_tiktok": -3.2078888681199815e-10,
  "instagram_x_linkedin": -6.829698880513509e-10,
  "youtube_x_tiktok": -1.1072390609317356e-09,
  "youtube_x_linkedin": 1.448724004957411e-10,
  "tiktok_x_linkedin": -7.243620024787055e-10
}