{
  "campaign_email": 1.506551223642686e-10,
  "campaign_flyer": 5.067490479525397e-10,
  "campaign_phone": -1.506551223642686e-10,
  "facebook": 9.587144150453455e-11,
  "instagram": -8786.790595430291,
  "youtube": -6027.216131378883,
  "tiktok": 1.3695920214933507e-11,
  "linkedin": 2.3283064365386963e-10,
  "campaign_email_x_campaign_flyer": 1.2326328193440157e-10,
  "campaign_email_x_campaign_phone": 1.917428830090691e-10,
  "campaign_email_x_facebook": -1.506551223642686e-10,
  "campaign_email_x_instagram": 1.2326328193440157e-10,
  "campaign_email_x_youtube": 1.506551223642686e-10,
  "campaign_email_x_tiktok": 2.054388032240026e-10,
  "campaign_email_x_linkedin": 8.35451133110944e-10,
  "campaign_flyer_x_campaign_phone": 3.150061649434707e-10,
  "campaign_flyer_x_facebook": 8.90234813970678e-10,
  "campaign_flyer_x_instagram": 1.506551223642686e-10,
  "campaign_flyer_x_youtube": 6.847960107466754e-11,
  "campaign_flyer_x_tiktok": 4.930531277376063e-10,
  "campaign_flyer_x_linkedin": 1.7804696279413559e-10,
  "campaign_phone_x_facebook": 3.423980053733377e-10,
  "campaign_phone_x_instagram": 1.7804696279413559e-10,
  "campaign_phone_x_youtube": 1.506551223642686e-10,
  "campaign_phone_x_tiktok": 5.889245692421408e-10,
  "campaign_phone_x_linkedin": -1.3695920214933507e-11,
  "facebook_x_instagram": -1.3695920214933507e-11,
  "facebook_x_youtube": 5.067490479525397e-10,
  "facebook_x_tiktok": 2.6022248408373665e-10,
  "facebook_x_linkedin": 6.163164096720078e-10,
  "instagram_x_youtube": 9.587144150453455e-11,
  "instagram_x_tiktok": 7.532756118213429e-10,
  "instagram_x_linkedin": 1.506551223642686e-10,
  "youtube_x_tiktok": 4.793572075226727e-10,
  "youtube_x_linkedin": 9.587144150453455e-11,
  "tiktok_x_linkedin": -4.1087760644800525e-11
}