{
  "campaign_email": 6.652304104396275e-11,
  "campaign_flyer": -7.317534514835902e-10,
  "campaign_phone": 1.9956912313188824e-10,
  "facebook": -1.9956912313188824e-10,
  "instagram": -6350.41362782927,
  "youtube": -2433.879712584894,
  "tiktok": 2.0622142723628454e-09,
  "linkedin": -3.991382462637765e-10,
  "campaign_email_x_campaign_flyer": -4.656612873077393e-10,
  "campaign_email_x_campaign_phone": 1.4635069029671805e-09,
  "campaign_email_x_facebook": 5.32184328351702e-10,
  "campaign_email_x_instagram": -1.064368656703404e-09,
  "campaign_email_x_youtube": 5.32184328351702e-10,
  "campaign_email_x_tiktok": -8.647995335715158e-10,
  "campaign_email_x_linkedin": 7.317534514835902e-10,
  "campaign_flyer_x_campaign_phone": 2.0622142723628454e-09,
  "campaign_flyer_x_facebook": 4.656612873077393e-10,
  "campaign_flyer_x_instagram": 6.652304104396275e-11,
  "campaign_flyer_x_youtube": 2.594398600714547e-09,
  "campaign_flyer_x_tiktok": 1.1308916977473667e-09,
  "campaign_flyer_x_linkedin": 3.991382462637765e-10,
  "campaign_phone_x_facebook": 7.98276492527553e-10,
  "campaign_phone_x_instagram": 5.987073693956648e-10,
  "campaign_phone_x_youtube": -9.978456156594412e-10,
  "campaign_phone_x_tiktok": -3.459198134286063e-09,
  "campaign_phone_x_linkedin": 1.7295990671430316e-09,
  "facebook_x_instagram": 9.978456156594412e-10,
  "facebook_x_youtube": 1.5300299440111432e-09,
  "facebook_x_tiktok": 1.7961221081869943e-09,
  "facebook_x_linkedin": 1.4635069029671805e-09,
  "instagram_x_youtube": 1.92916819027492e-09,
  "instagram_x_tiktok": -4.656612873077393e-10,
  "instagram_x_linkedin": -8.647995335715158e-10,
  "youtube_x_tiktok": 1.3969838619232178e-09,
  "youtube_x_linkedin": 1.92916819027492e-09,
  "tiktok_x_linkedin": 2.7274446828024726e-09
}