{
  "rmse": 17522766.43221536,
  "r2": -1.0808444194857656,
  "cv_scores": [
    0.21663565487651482,
    -2.202030115009201,
    0.43518983731230265,
    0.3404249227061983,
    -0.02975628526729923
  ],
  "avg_cv_r2": -0.24790719707629685
}