{
  "campaign_email": 7.854527737720904e-10,
  "campaign_flyer": 2.42368284478245e-09,
  "campaign_phone": -2.917396016867764e-10,
  "facebook": 2.917396016867764e-10,
  "instagram": 208200.30339382731,
  "youtube": 40131.31053909767,
  "tiktok": -3775.7141858584373,
  "linkedin": 9.87426344170628e-10,
  "campaign_email_x_campaign_flyer": -2.0197357039853751e-10,
  "campaign_email_x_campaign_phone": 4.533184580056064e-09,
  "campaign_email_x_facebook": 1.301607453679464e-09,
  "campaign_email_x_instagram": -5.161546799073736e-10,
  "campaign_email_x_youtube": 1.8177621335868376e-09,
  "campaign_email_x_tiktok": 2.3339168134942113e-09,
  "campaign_email_x_linkedin": 7.405697581279709e-10,
  "campaign_flyer_x_campaign_phone": -5.834792033735528e-10,
  "campaign_flyer_x_facebook": 3.141811095088361e-10,
  "campaign_flyer_x_instagram": 3.478433712419257e-09,
  "campaign_flyer_x_youtube": 2.3114753056721517e-09,
  "campaign_flyer_x_tiktok": 2.4685658604265696e-09,
  "campaign_flyer_x_linkedin": 1.5260225319000611e-09,
  "campaign_phone_x_facebook": 1.3240489615015236e-09,
  "campaign_phone_x_instagram": 2.266592290028032e-09,
  "campaign_phone_x_youtube": -2.46856586042657e-10,
  "campaign_phone_x_tiktok": 2.8051884777574655e-09,
  "campaign_phone_x_linkedin": 1.1220753911029863e-09,
  "facebook_x_instagram": 2.019735703985375e-09,
  "facebook_x_youtube": 1.2567244380353444e-09,
  "facebook_x_tiktok": 9.87426344170628e-10,
  "facebook_x_linkedin": 2.7154224464692264e-09,
  "instagram_x_youtube": -1.4811395162559417e-09,
  "instagram_x_tiktok": 1.0098678519926875e-09,
  "instagram_x_linkedin": 2.2441507822059724e-11,
  "youtube_x_tiktok": 2.46856586042657e-10,
  "youtube_x_linkedin": 3.1193695872663014e-09,
  "tiktok_x_linkedin": 1.6831130866544793e-09
}