{
  "rmse": 17522766.43221536,
  "r2": -1.080844419485766,
  "cv_scores": [
    0.21663565487651448,
    -2.202030115009203,
    0.43518983731230265,
    0.3404249227061985,
    -0.029756285267299454
  ],
  "avg_cv_r2": -0.24790719707629744
}