{
  "rmse": 21835655.090774383,
  "r2": 0.23961279593036733,
  "cv_scores": [
    0.27017668339796774,
    0.30985686887121255,
    0.24363680320220304,
    0.20952118955893784,
    0.3250641454207951
  ],
  "avg_cv_r2": 0.2716511380902233
}