{
  "campaign_email": -2.195260354450771e-09,
  "campaign_flyer": -1.1308916977473667e-09,
  "campaign_phone": 7.317534514835902e-10,
  "facebook": 1.2639377798352923e-09,
  "instagram": -6350.413627834459,
  "youtube": -2433.879712585892,
  "tiktok": -1.1308916977473667e-09,
  "linkedin": 8.647995335715158e-10,
  "campaign_email_x_campaign_flyer": -1.064368656703404e-09,
  "campaign_email_x_campaign_phone": 1.9956912313188824e-10,
  "campaign_email_x_facebook": -9.313225746154785e-10,
  "campaign_email_x_instagram": 7.98276492527553e-10,
  "campaign_email_x_youtube": -1.1308916977473667e-09,
  "campaign_email_x_tiktok": -2.7274446828024726e-09,
  "campaign_email_x_linkedin": -1.596552985055106e-09,
  "campaign_flyer_x_campaign_phone": 1.5300299440111432e-09,
  "campaign_flyer_x_facebook": -1.7961221081869943e-09,
  "campaign_flyer_x_instagram": -3.193105970110212e-09,
  "campaign_flyer_x_youtube": -1.330460820879255e-10,
  "campaign_flyer_x_tiktok": -4.523566790989467e-09,
  "campaign_flyer_x_linkedin": -3.0600598880222864e-09,
  "campaign_phone_x_facebook": -1.330460820879255e-10,
  "campaign_phone_x_instagram": -1.862645149230957e-09,
  "campaign_phone_x_youtube": -6.652304104396275e-11,
  "campaign_phone_x_tiktok": -2.66092164175851e-10,
  "campaign_phone_x_linkedin": 0.0,
  "facebook_x_instagram": 2.66092164175851e-10,
  "facebook_x_youtube": -1.3969838619232178e-09,
  "facebook_x_tiktok": -9.313225746154785e-10,
  "facebook_x_linkedin": -7.98276492527553e-10,
  "instagram_x_youtube": 1.9956912313188824e-10,
  "instagram_x_tiktok": -3.3261520521981376e-10,
  "instagram_x_linkedin": 5.32184328351702e-10,
  "youtube_x_tiktok": -1.2639377798352923e-09,
  "youtube_x_linkedin": -1.064368656703404e-09,
  "tiktok_x_linkedin": 9.313225746154785e-10
}