{
  "rmse": 6346457.998358975,
  "r2": -0.36984621587714006,
  "cv_scores": [
    -0.06465656480566517,
    -0.07175820002326994,
    -0.01365548348098411,
    -0.3265262136834064,
    0.015808682084934578
  ],
  "avg_cv_r2": -0.09215755598167821
}