{
  "rmse": 21835655.090774383,
  "r2": 0.23961279593036755,
  "cv_scores": [
    0.27017668339796763,
    0.30985686887121255,
    0.24363680320220293,
    0.20952118955893795,
    0.3250641454207951
  ],
  "avg_cv_r2": 0.27165113809022323
}