{
  "model": "OLS \u2013 Large Facility ",
  "fit_time_s": 0.0017380714416503906,
  "mse": 4388870039321505.5,
  "rmse": 66248547.45065363,
  "mae": 20270660.997358702,
  "mape_pct": 303.38128210153394,
  "r2": -5.99930743002529,
  "adj_r2": -7.761370838982707,
  "explained_var": -5.979430766505844,
  "sse": 7.89996607077871e+17,
  "tss": 1.128678251349529e+17,
  "avg_cv_r2": 0.07791830187620145
}