{
  "model": "RF \u2013 Large Facility ",
  "fit_time_s": 0.13495802879333496,
  "mse": 476795833243261.44,
  "rmse": 21835655.090774387,
  "mae": 15709003.439864116,
  "mape_pct": 179.33099927474183,
  "r2": 0.23961279593036722,
  "adj_r2": 0.048186646654096,
  "explained_var": 0.2570119579638195,
  "sse": 8.582324998378706e+16,
  "tss": 1.128678251349529e+17,
  "avg_cv_r2": 0.2716511380902233
}