{
  "model": "RF \u2013 Large Facility ",
  "fit_time_s": 0.13492488861083984,
  "mse": 476795833243261.3,
  "rmse": 21835655.090774383,
  "mae": 15709003.439864116,
  "mape_pct": 179.33099927474186,
  "r2": 0.23961279593036733,
  "adj_r2": 0.04818664665409611,
  "explained_var": 0.2570119579638195,
  "sse": 8.582324998378704e+16,
  "tss": 1.128678251349529e+17,
  "avg_cv_r2": 0.27165113809022323
}