{
  "model": "OLS \u2013 Medium Facility",
  "fit_time_s": 0.0012781620025634766,
  "mse": 8444032268932617.0,
  "rmse": 91891415.64331576,
  "mae": 45574735.288694166,
  "mape_pct": 339.11881915086724,
  "r2": -2.5735090138940357,
  "adj_r2": -5.370168242158933,
  "explained_var": -2.4879424228500366,
  "sse": 7.008546783214072e+17,
  "tss": 1.961250623956561e+17,
  "avg_cv_r2": -3.475177215825025
}