{
  "model": "RF \u2013 Medium Facility",
  "fit_time_s": 0.13840723037719727,
  "mse": 1499954595733372.0,
  "rmse": 38729247.291076705,
  "mae": 29684797.79875428,
  "mape_pct": 255.98219678086198,
  "r2": 0.36522018183114524,
  "adj_r2": -0.13156402369230635,
  "explained_var": 0.3681021906457993,
  "sse": 1.2449623144586987e+17,
  "tss": 1.961250623956561e+17,
  "avg_cv_r2": 0.4134429258917077
}