{
  "model": "OLS (Pooled)",
  "fit_time_s": 0.002142190933227539,
  "mse": 1019780224694024.9,
  "rmse": 31933997.944103785,
  "mae": 21220010.99973993,
  "mape_pct": 252.86500458154725,
  "r2": 0.23905007038138737,
  "adj_r2": 0.13833610910833571,
  "explained_var": 0.24112095657939314,
  "sse": 3.151120894304537e+17,
  "tss": 4.1410357917818266e+17,
  "avg_cv_r2": -0.22926486926677336
}