{
  "model": "RF \u2013 Private Facility",
  "fit_time_s": 0.11987185478210449,
  "mse": 307047343437973.4,
  "rmse": 17522766.43221536,
  "mae": 13508831.96200439,
  "mape_pct": 199.06758158254797,
  "r2": -1.0808444194857656,
  "adj_r2": 2.1761294544919547,
  "explained_var": -0.326642687999392,
  "sse": 4298662808131627.5,
  "tss": 2065826146288220.0,
  "avg_cv_r2": -0.24790719707629744
}