{
  "model": "OLS \u2013 Private Facility",
  "fit_time_s": 0.001814126968383789,
  "mse": 5.105578863756768e+39,
  "rmse": 7.1453333468472754e+19,
  "mae": 1.909670664157505e+19,
  "mape_pct": 560109420306159.5,
  "r2": -3.46002514398529e+25,
  "adj_r2": 1.955666385730816e+25,
  "explained_var": -3.2128804908435134e+25,
  "sse": 7.147810409259475e+40,
  "tss": 2065826146288220.0,
  "avg_cv_r2": -2.6675864863262805e+24
}