{
  "model": "RF \u2013 Medium Facility",
  "fit_time_s": 0.130812406539917,
  "rmse": 38729247.2910767,
  "mse": 1499954595733371.8,
  "mae": 29684797.79875428,
  "mape_pct": 255.98219678086198,
  "r2": 0.36522018183114535,
  "adj_r2": -0.13156402369230613,
  "explained_var": 0.3681021906457992,
  "sse": 1.2449623144586986e+17,
  "tss": 1.961250623956561e+17,
  "avg_cv_r2": 0.41666519380895795
}