{
  "model": "RF \u2013 Small Facility ",
  "fit_time_s": 0.1287076473236084,
  "rmse": 6346457.998358974,
  "mse": 40277529124934.6,
  "mae": 4621793.066012492,
  "mape_pct": 89.03772206379683,
  "r2": -0.3698462158771396,
  "adj_r2": 16.068308374648538,
  "explained_var": -0.28843936086350563,
  "sse": 1369435990247776.5,
  "tss": 999700531618360.9,
  "avg_cv_r2": 0.41666519380895795
}