{
  "model": "RF (Pooled)",
  "fit_time_s": 0.15291118621826172,
  "mse": 847031476894199.8,
  "rmse": 29103805.19612856,
  "mae": 20507648.473657064,
  "mape_pct": 216.19812098964158,
  "r2": 0.3679534794658512,
  "adj_r2": 0.28430026351280213,
  "explained_var": 0.3697055193376778,
  "sse": 2.617327263603077e+17,
  "tss": 4.1410357917818266e+17,
  "avg_cv_r2": 0.41666519380895795
}