{
  "model": "RF \u2013 Private Facility",
  "fit_time_s": 0.12675237655639648,
  "rmse": 17522766.43221536,
  "mse": 307047343437973.44,
  "mae": 13508831.962004388,
  "mape_pct": 199.06758158254797,
  "r2": -1.080844419485766,
  "adj_r2": 2.1761294544919547,
  "explained_var": -0.326642687999392,
  "sse": 4298662808131628.0,
  "tss": 2065826146288220.0,
  "avg_cv_r2": 0.41666519380895795
}