{
  "model": "RF (Pooled)",
  "fit_time_s": 0.15068697929382324,
  "mse": 847031476894199.6,
  "rmse": 29103805.19612856,
  "mae": 20507648.473657064,
  "mape_pct": 216.19812098964158,
  "r2": 0.36795347946585133,
  "adj_r2": 0.28430026351280224,
  "explained_var": 0.3697055193376778,
  "sse": 2.6173272636030768e+17,
  "tss": 4.1410357917818266e+17,
  "avg_cv_r2": 0.41666519380895795
}