{
  "campaign_email": -6.902034614464226e-10,
  "campaign_flyer": 2.7728698014441433e-10,
  "campaign_phone": -6.329376720687718e-11,
  "facebook": 2197.5831884946283,
  "instagram": 37252.55846476465,
  "youtube": 210.73175728432895,
  "tiktok": 23722.70803559179,
  "linkedin": 9.041966743839597e-11
}