{
  "rmse": 29103805.19612856,
  "r2": 0.36795347946585133,
  "cv_scores": [
    0.3440327393054602,
    0.43018334784915646,
    0.4207920075118239,
    0.4242236460353349,
    0.46409422834301384
  ],
  "avg_cv_r2": 0.41666519380895795
}