{
  "campaign_email": -1.8988130162063154e-10,
  "campaign_flyer": -7.685671732263657e-10,
  "campaign_phone": -4.129164813020083e-10,
  "facebook": 2197.583188494282,
  "instagram": 37252.55846476437,
  "youtube": 210.7317572836086,
  "tiktok": 23722.708035591873,
  "linkedin": -8.198049847747901e-10,
  "campaign_email_x_campaign_flyer": -5.786858716057342e-10,
  "campaign_email_x_campaign_phone": 9.946163418223556e-11,
  "campaign_email_x_facebook": -1.8385332379140513e-10,
  "campaign_email_x_instagram": -2.0796523510831075e-10,
  "campaign_email_x_youtube": -7.022594171048754e-10,
  "campaign_email_x_tiktok": -9.403645413593181e-10,
  "campaign_email_x_linkedin": 1.2055955658452795e-10,
  "campaign_flyer_x_campaign_phone": -2.863289468882539e-10,
  "campaign_flyer_x_facebook": -9.584484748469973e-10,
  "campaign_flyer_x_instagram": -7.987070623724978e-10,
  "campaign_flyer_x_youtube": 2.803009690590275e-10,
  "campaign_flyer_x_tiktok": 1.4768545681604676e-10,
  "campaign_flyer_x_linkedin": 3.435947362659047e-10,
  "campaign_phone_x_facebook": -9.644764526762236e-10,
  "campaign_phone_x_instagram": 6.480076166418378e-10,
  "campaign_phone_x_youtube": -4.822382263381118e-10,
  "campaign_phone_x_tiktok": 1.0850360092607517e-10,
  "campaign_phone_x_linkedin": -3.5866468083897067e-10,
  "facebook_x_instagram": -4.822382263381119e-11,
  "facebook_x_youtube": 2.501610799128955e-10,
  "facebook_x_tiktok": -7.534972286532997e-11,
  "facebook_x_linkedin": -7.41441272994847e-10,
  "instagram_x_youtube": -2.3509113533982953e-10,
  "instagram_x_tiktok": -1.2357354549914117e-10,
  "instagram_x_linkedin": -5.334760378865362e-10,
  "youtube_x_tiktok": -4.6114030393581946e-10,
  "youtube_x_linkedin": 9.041966743839597e-11,
  "tiktok_x_linkedin": 4.430563704481403e-10
}