{
  "campaign_email": 1.2055955658452797e-11,
  "campaign_flyer": 6.058117718372531e-10,
  "campaign_phone": 1.8988130162063154e-10,
  "facebook": 2197.5831884951253,
  "instagram": 37252.558464765425,
  "youtube": 210.7317572851759,
  "tiktok": 23722.708035592128,
  "linkedin": -6.721195279587434e-10,
  "campaign_email_x_campaign_flyer": 1.042840164456167e-09,
  "campaign_email_x_campaign_phone": 1.4768545681604676e-10,
  "campaign_email_x_facebook": 1.1423017986384024e-09,
  "campaign_email_x_instagram": 5.033361487404043e-10,
  "campaign_email_x_youtube": 1.7752394707071742e-09,
  "campaign_email_x_tiktok": -3.435947362659047e-10,
  "campaign_email_x_linkedin": 2.1700720185215034e-10,
  "campaign_flyer_x_campaign_phone": 7.987070623724978e-10,
  "campaign_flyer_x_facebook": 5.847138494349606e-10,
  "campaign_flyer_x_instagram": 1.2055955658452795e-10,
  "campaign_flyer_x_youtube": -6.027977829226398e-11,
  "campaign_flyer_x_tiktok": -1.2658753441375436e-10,
  "campaign_flyer_x_linkedin": 3.8880456998510266e-10,
  "campaign_phone_x_facebook": 1.0970919649192045e-09,
  "campaign_phone_x_instagram": 0.0,
  "campaign_phone_x_youtube": 2.3509113533982953e-10,
  "campaign_phone_x_tiktok": 1.1001059538338177e-09,
  "campaign_phone_x_linkedin": 7.293853173363942e-10,
  "facebook_x_instagram": 6.269096942395454e-10,
  "facebook_x_youtube": 8.258329626040166e-10,
  "facebook_x_tiktok": 1.6094700804034482e-09,
  "facebook_x_linkedin": 5.214200822280835e-10,
  "instagram_x_youtube": 4.822382263381118e-10,
  "instagram_x_tiktok": 3.526367030097443e-10,
  "instagram_x_linkedin": 1.2447774217352512e-09,
  "youtube_x_tiktok": 4.4908434827736665e-10,
  "youtube_x_linkedin": 4.340144037043007e-10,
  "tiktok_x_linkedin": -3.5866468083897067e-10
}