{
  "model": "RF \u2013 Small Facility ",
  "fit_time_s": 0.12943792343139648,
  "mse": 40277529124934.59,
  "rmse": 6346457.998358974,
  "mae": 4621793.066012492,
  "mape_pct": 89.03772206379682,
  "r2": -0.3698462158771394,
  "adj_r2": 16.06830837464853,
  "explained_var": -0.28843936086350563,
  "sse": 1369435990247776.2,
  "tss": 999700531618360.9,
  "avg_cv_r2": -0.09215755598167819
}