{
  "model": "OLS \u2013 Small Facility ",
  "fit_time_s": 0.0009870529174804688,
  "mse": 122224574659811.28,
  "rmse": 11055522.360332472,
  "mae": 6915887.651544817,
  "mape_pct": 137.75984742779036,
  "r2": -3.1568803926774462,
  "adj_r2": 46.72568431945191,
  "explained_var": -2.3495078724281067,
  "sse": 4155635538433583.5,
  "tss": 999700531618360.9,
  "avg_cv_r2": -3.714344125545893e+21
}